{"data":{"Year":[2013,2013,2013,2013,2013,2013,2013,2013,2013,2013,2013,2013,2013,2013,2013,2013,2013,2013],"GRAND_TOTAL":["3531159","3531159","3531159","3531159","3531159","3531159","3531159","3531159","3531159","3531159","3531159","3531159","3531159","3531159","3531159","3531159","3531159","3531159"],"PERSON_STATUS":["persons_with_disabilities","persons_with_disabilities","persons_with_disabilities","persons_with_disabilities","persons_with_disabilities","persons_with_disabilities","persons_without_disabilities","persons_without_disabilities","persons_without_disabilities","persons_without_disabilities","persons_without_disabilities","persons_without_disabilities","status_unknown","status_unknown","status_unknown","status_unknown","status_unknown","status_unknown"],"UNIT_MEASURE":["\u0411\u0440\u043e\u0458","_%","\u0411\u0440\u043e\u0458","_%","\u0411\u0440\u043e\u0458","_%","\u0411\u0440\u043e\u0458","_%","\u0411\u0440\u043e\u0458","_%","\u0411\u0440\u043e\u0458","_%","\u0411\u0440\u043e\u0458","_%","\u0411\u0440\u043e\u0458","_%","\u0411\u0440\u043e\u0458","_%"],"\u041f\u043e\u043b":["\u041e\u0431\u0430 \u043f\u043e\u043b\u0430","\u041e\u0431\u0430 \u043f\u043e\u043b\u0430","\u041c\u0443\u0448\u043a\u0430\u0440\u0446\u0438","\u041c\u0443\u0448\u043a\u0430\u0440\u0446\u0438","\u0416\u0435\u043d\u0435","\u0416\u0435\u043d\u0435","\u041e\u0431\u0430 \u043f\u043e\u043b\u0430","\u041e\u0431\u0430 \u043f\u043e\u043b\u0430","\u041c\u0443\u0448\u043a\u0430\u0440\u0446\u0438","\u041c\u0443\u0448\u043a\u0430\u0440\u0446\u0438","\u0416\u0435\u043d\u0435","\u0416\u0435\u043d\u0435","\u041e\u0431\u0430 \u043f\u043e\u043b\u0430","\u041e\u0431\u0430 \u043f\u043e\u043b\u0430","\u041c\u0443\u0448\u043a\u0430\u0440\u0446\u0438","\u041c\u0443\u0448\u043a\u0430\u0440\u0446\u0438","\u0416\u0435\u043d\u0435","\u0416\u0435\u043d\u0435"],"Value":[294058.0,8.327520794,132975.0,45.22067075,161083.0,54.77932925,3185694.0,90.21666824,1573901.0,49.40527872,1611793.0,50.59472128,51407.0,1.455810967,25394.0,49.39794191,26013.0,50.60205809]},"edges":{"From":["GRAND_TOTAL","PERSON_STATUS"],"To":["PERSON_STATUS","\u041f\u043e\u043b"]}}