{"data":{"Year":[2013,2013,2013,2013,2013,2013,2013,2013,2013,2013,2013,2013,2013,2013,2013,2013,2013,2013,2013,2013,2013,2013,2013,2013,2013,2013,2013,2013,2013,2013,2013,2013,2013,2013,2013,2013,2013,2013,2013,2013,2013,2013],"Spol":["Oba spola","Oba spola","Oba spola","Oba spola","Oba spola","Oba spola","Oba spola","Oba spola","Oba spola","Oba spola","Oba spola","Oba spola","Oba spola","Oba spola","M","M","M","M","M","M","M","M","M","M","M","M","M","M","\u017d","\u017d","\u017d","\u017d","\u017d","\u017d","\u017d","\u017d","\u017d","\u017d","\u017d","\u017d","\u017d","\u017d"],"Starosna dob":["0-14","15-19","20-29","30-49","50-59","60-64","65+","0-14","15-19","20-29","30-49","50-59","60-64","65+","0-14","15-19","20-29","30-49","50-59","60-64","65+","0-14","15-19","20-29","30-49","50-59","60-64","65+","0-14","15-19","20-29","30-49","50-59","60-64","65+","0-14","15-19","20-29","30-49","50-59","60-64","65+"],"UNIT_MEASURE":["Broj","Broj","Broj","Broj","Broj","Broj","Broj","% od ukupno","% od ukupno","% od ukupno","% od ukupno","% od ukupno","% od ukupno","% od ukupno","Broj","Broj","Broj","Broj","Broj","Broj","Broj","% od ukupno","% od ukupno","% od ukupno","% od ukupno","% od ukupno","% od ukupno","% od ukupno","Broj","Broj","Broj","Broj","Broj","Broj","Broj","% od ukupno","% od ukupno","% od ukupno","% od ukupno","% od ukupno","% od ukupno","% od ukupno"],"Value":[4525.0,2886.0,6398.0,40196.0,57495.0,34559.0,147999.0,1.538812071,0.981439036,2.175761244,13.66941216,19.5522652,11.7524434,50.3298669,2606.0,1641.0,3821.0,25762.0,30653.0,16157.0,52335.0,1.959766873,1.234066554,2.873472457,19.37356646,23.05170145,12.15040421,39.357022,1919.0,1245.0,2577.0,14434.0,26842.0,18402.0,95664.0,1.191311312,0.772893477,1.599796378,8.960597953,16.66345921,11.42392431,59.38801736]},"edges":{"From":["Spol"],"To":["Starosna dob"]}}