{"data":{"Year":[2013,2013,2013,2013,2013,2013,2013,2013,2013,2013,2013,2013,2013,2013,2013,2013,2013,2013],"GRAND_TOTAL":["3531159","3531159","3531159","3531159","3531159","3531159","3531159","3531159","3531159","3531159","3531159","3531159","3531159","3531159","3531159","3531159","3531159","3531159"],"PERSON_STATUS":["persons_with_disabilities","persons_with_disabilities","persons_with_disabilities","persons_with_disabilities","persons_with_disabilities","persons_with_disabilities","persons_without_disabilities","persons_without_disabilities","persons_without_disabilities","persons_without_disabilities","persons_without_disabilities","persons_without_disabilities","status_unknown","status_unknown","status_unknown","status_unknown","status_unknown","status_unknown"],"UNIT_MEASURE":["Broj","% od ukupnog broja","Broj","% od ukupnog broja","Broj","% od ukupnog broja","Broj","% od ukupnog broja","Broj","% od ukupnog broja","Broj","% od ukupnog broja","Broj","% od ukupnog broja","Broj","% od ukupnog broja","Broj","% od ukupnog broja"],"Spol":["Oba spola","Oba spola","Mu\u0161karci","Mu\u0161karci","\u017dene","\u017dene","Oba spola","Oba spola","Mu\u0161karci","Mu\u0161karci","\u017dene","\u017dene","Oba spola","Oba spola","Mu\u0161karci","Mu\u0161karci","\u017dene","\u017dene"],"Value":[294058.0,8.327520794,132975.0,45.22067075,161083.0,54.77932925,3185694.0,90.21666824,1573901.0,49.40527872,1611793.0,50.59472128,51407.0,1.455810967,25394.0,49.39794191,26013.0,50.60205809]},"edges":{"From":["GRAND_TOTAL","PERSON_STATUS"],"To":["PERSON_STATUS","Spol"]}}