{"Year":[2013,2013,2013,2013,2013,2013,2013,2013,2013,2013,2013,2013,2013,2013,2013,2013,2013,2013],"Grand Total":["3531159","3531159","3531159","3531159","3531159","3531159","3531159","3531159","3531159","3531159","3531159","3531159","3531159","3531159","3531159","3531159","3531159","3531159"],"PERSON_STATUS":["Persons with disabilities","Persons with disabilities","Persons with disabilities","Persons with disabilities","Persons with disabilities","Persons with disabilities","Persons without disabilities","Persons without disabilities","Persons without disabilities","Persons without disabilities","Persons without disabilities","Persons without disabilities","Status unknown","Status unknown","Status unknown","Status unknown","Status unknown","Status unknown"],"UNIT_MEASURE":["Number","_%","Number","_%","Number","_%","Number","_%","Number","_%","Number","_%","Number","_%","Number","_%","Number","_%"],"Sex":["Both sexes","Both sexes","M","M","F","F","Both sexes","Both sexes","M","M","F","F","Both sexes","Both sexes","M","M","F","F"],"Value":[294058.0,8.327520794,132975.0,45.22067075,161083.0,54.77932925,3185694.0,90.21666824,1573901.0,49.40527872,1611793.0,50.59472128,51407.0,1.455810967,25394.0,49.39794191,26013.0,50.60205809]}